,T_Max,T_min
Enero,27.8,14.5
Febrero,27.75,13.225000000000001
Marzo,32.56666666666666,16.2
Abril,36.3,16.7
Mayo,33.2,18.2
Junio,29.05,17.75
Julio,29.25,17.0
Agosto,28.271428571428572,15.842857142857142
Septiembre,28.585714285714285,14.461428571428572
Octubre,28.9,13.080000000000002
Noviembre,28.119999999999997,12.5
Diciembre,28.85,12.15
